threshold_method,threshold,roc_auc,pr_auc,f1,precision,recall,tn,fp,fn,tp
percentile,1.4007180154323582,1.0,1.0,0.9477911646586346,0.9007633587786259,1.0,338,26,0,236
f1_optimal,18.485076904296875,1.0,1.0,1.0,1.0,1.0,364,0,0,236
youden,18.485076904296875,1.0,1.0,1.0,1.0,1.0,364,0,0,236
pr_optimal,18.485076904296875,1.0,1.0,1.0,1.0,1.0,364,0,0,236
