threshold_method,threshold,roc_auc,pr_auc,f1,precision,recall,tn,fp,fn,tp
percentile,0.8949390202760696,1.0,1.0,0.9159663865546218,0.8449612403100775,1.0,433,60,0,327
f1_optimal,5.0672712326049805,1.0,1.0,0.998468606431853,1.0,0.9969418960244648,493,0,1,326
youden,5.0672712326049805,1.0,1.0,0.998468606431853,1.0,0.9969418960244648,493,0,1,326
pr_optimal,5.0672712326049805,1.0,1.0,0.998468606431853,1.0,0.9969418960244648,493,0,1,326
