epoch,train_loss,val_loss,train_reconstruction_loss,val_reconstruction_loss,train_kl_loss,val_kl_loss,learning_rate
1,1.0124454134040408,1.0468765199184418,1.0119773315058813,1.0463718871275585,0.01560245319786999,0.016821108758449554,0.001
2,1.000790685415268,1.0446004370848339,1.0002113382021587,1.0440471569697063,0.01931178600837787,0.018442478962242603,0.001
3,1.0030194620291393,1.0428105195363362,1.002425816324022,1.042229801416397,0.01978845697724157,0.019357082744439442,0.001
4,0.9919140736262003,1.0415550867716472,0.991198350985845,1.0407373905181885,0.023857384816639952,0.027256789927681286,0.001
