threshold_method,threshold,roc_auc,pr_auc,f1,precision,recall,tn,fp,fn,tp
percentile,1.2654338240623475,1.0,1.0,0.9458917835671342,0.8973384030418251,1.0,337,27,0,236
f1_optimal,5.696644306182861,1.0,1.0,1.0,1.0,1.0,364,0,0,236
youden,5.696644306182861,1.0,1.0,1.0,1.0,1.0,364,0,0,236
pr_optimal,5.696644306182861,1.0,1.0,1.0,1.0,1.0,364,0,0,236
