threshold_method,threshold,roc_auc,pr_auc,f1,precision,recall,tn,fp,fn,tp
percentile,0.00032251364609692154,0.7444563722789408,0.7947629738770532,0.6233425615619991,0.870219690805533,0.4855845629965948,3276,319,2266,2139
f1_optimal,2.6056808565044776e-05,0.7444563722789408,0.7947629738770532,0.7101975010076582,0.550625,1.0,0,3595,0,4405
youden,0.0002478266251273453,0.7444563722789408,0.7947629738770532,0.7040908504323139,0.8157894736842105,0.6192962542565267,2979,616,1677,2728
pr_optimal,2.6056808565044776e-05,0.7444563722789408,0.7947629738770532,0.7101975010076582,0.550625,1.0,0,3595,0,4405
