threshold_method,threshold,roc_auc,pr_auc,f1,precision,recall,tn,fp,fn,tp
percentile,0.8974839326709041,0.789021010705056,0.7886276953181134,0.5813882994846923,0.8746010031919744,0.43541430192962544,3320,275,2487,1918
f1_optimal,-0.15845620276602462,0.789021010705056,0.7886276953181134,0.7810233287590669,0.6872520269104709,0.9044267877412032,1782,1813,421,3984
youden,0.09769361608660292,0.789021010705056,0.7886276953181134,0.6880756783669405,0.7616423257095619,0.6274687854710557,2730,865,1641,2764
pr_optimal,-0.15845620276602462,0.789021010705056,0.7886276953181134,0.7810233287590669,0.6872520269104709,0.9044267877412032,1782,1813,421,3984
