threshold_method,threshold,roc_auc,pr_auc,f1,precision,recall,tn,fp,fn,tp
percentile,1.424761763746538,1.0,1.0,0.9535353535353536,0.9111969111969112,1.0,341,23,0,236
f1_optimal,17.958518172190114,1.0,1.0,1.0,1.0,1.0,364,0,0,236
youden,17.958518172190114,1.0,1.0,1.0,1.0,1.0,364,0,0,236
pr_optimal,17.958518172190114,1.0,1.0,1.0,1.0,1.0,364,0,0,236
