threshold_method,threshold,roc_auc,pr_auc,f1,precision,recall,tn,fp,fn,tp
percentile,0.8676291504397292,0.8018373987076894,0.8012108494937416,0.5942224217931448,0.8721441124780316,0.45062429057888764,3304,291,2420,1985
f1_optimal,-0.17256834942228927,0.8018373987076894,0.8012108494937416,0.778867206092337,0.670655737704918,0.9287173666288309,1586,2009,314,4091
youden,0.1335946523235002,0.8018373987076894,0.8012108494937416,0.7028904602406649,0.774890590809628,0.6431328036322361,2772,823,1572,2833
pr_optimal,-0.17256834942228927,0.8018373987076894,0.8012108494937416,0.778867206092337,0.670655737704918,0.9287173666288309,1586,2009,314,4091
