epoch,train_loss,val_loss,train_reconstruction_loss,val_reconstruction_loss,train_kl_loss,val_kl_loss,learning_rate
1,1.0841499066352844,0.9770868221918741,1.0841499066352844,0.9770868221918741,0.0,0.0,0.001
2,0.971921625137329,0.9084522856606377,0.971921625137329,0.9084522856606377,0.0,0.0,0.001
3,0.9333311605453491,0.8813625044292874,0.9333311605453491,0.8813625044292874,0.0,0.0,0.001
4,0.910390043258667,0.8603850139511956,0.910390043258667,0.8603850139511956,0.0,0.0,0.001
