threshold_method,threshold,roc_auc,pr_auc,f1,precision,recall,tn,fp,fn,tp
percentile,0.04575096480548383,1.0,1.0,0.9613034623217923,0.9254901960784314,1.0,345,19,0,236
f1_optimal,1.0367120504379272,1.0,1.0,1.0,1.0,1.0,364,0,0,236
youden,1.0367120504379272,1.0,1.0,1.0,1.0,1.0,364,0,0,236
pr_optimal,1.0367120504379272,1.0,1.0,1.0,1.0,1.0,364,0,0,236
