epoch,train_loss,val_loss,train_reconstruction_loss,val_reconstruction_loss,train_kl_loss,val_kl_loss,learning_rate
1,0.40703658594025505,0.13950876891613007,0.40703658594025505,0.13950876891613007,0.0,0.0,0.001
2,0.10674541691939037,0.044693548853198685,0.10674541691939037,0.044693548853198685,0.0,0.0,0.001
3,0.06834133962790172,0.025411767574648064,0.06834133962790172,0.025411767574648064,0.0,0.0,0.001
4,0.05037991785340839,0.017769334682573874,0.05037991785340839,0.017769334682573874,0.0,0.0,0.001
