threshold_method,threshold,roc_auc,pr_auc,f1,precision,recall,tn,fp,fn,tp
percentile,1.3488831979730995,1.0,1.0,0.944078947368421,0.8940809968847352,1.0,499,34,0,287
f1_optimal,5.720491558651004,1.0,1.0,0.9982608695652174,0.9965277777777778,1.0,532,1,0,287
youden,5.720491558651004,1.0,1.0,0.9982608695652174,0.9965277777777778,1.0,532,1,0,287
pr_optimal,5.720491558651004,1.0,1.0,0.9982608695652174,0.9965277777777778,1.0,532,1,0,287
