threshold_method,threshold,roc_auc,pr_auc,f1,precision,recall,tn,fp,fn,tp
percentile,0.9410249322652815,0.8089577054775597,0.8091059889347821,0.5930703464826759,0.8740053050397878,0.4488081725312145,3310,285,2428,1977
f1_optimal,-0.1310749351978302,0.8089577054775597,0.8091059889347821,0.7921537547057658,0.7027597117243803,0.9076049943246312,1904,1691,407,3998
youden,0.18199047446250916,0.8089577054775597,0.8091059889347821,0.702076777847703,0.7878531073446328,0.633144154370034,2844,751,1616,2789
pr_optimal,-0.16115154325962067,0.8089577054775597,0.8091059889347821,0.784581370758435,0.6803934644881627,0.9264472190692395,1678,1917,324,4081
