threshold_method,threshold,roc_auc,pr_auc,f1,precision,recall,tn,fp,fn,tp
percentile,0.3236141651868815,0.8283476072676296,0.8272913907661437,0.6235173524674184,0.8783003300330033,0.48331441543700343,3300,295,2276,2129
f1_optimal,0.07813875377178192,0.8283476072676296,0.8272913907661437,0.7967479674796748,0.7141057934508817,0.9010215664018161,2006,1589,436,3969
youden,0.1511194407939911,0.8283476072676296,0.8272913907661437,0.7512752003886325,0.807782710890572,0.7021566401816118,2859,736,1312,3093
pr_optimal,0.07813875377178192,0.8283476072676296,0.8272913907661437,0.7967479674796748,0.7141057934508817,0.9010215664018161,2006,1589,436,3969
