epoch,train_loss,val_loss,train_reconstruction_loss,val_reconstruction_loss,train_kl_loss,val_kl_loss,learning_rate
1,1.1058739489979215,1.037020703156789,1.1058739489979215,1.037020703156789,0.0,0.0,0.001
2,0.9966124925348494,0.9939629336198171,0.9966124925348494,0.9939629336198171,0.0,0.0,0.001
3,0.9613886011971368,0.9662759304046631,0.9613886011971368,0.9662759304046631,0.0,0.0,0.001
4,0.9539166490236918,0.9557077586650848,0.9539166490236918,0.9557077586650848,0.0,0.0,0.001
