threshold_method,threshold,roc_auc,pr_auc,f1,precision,recall,tn,fp,fn,tp
percentile,1.3485402936900983,1.0,1.0,0.963265306122449,0.9291338582677166,1.0,346,18,0,236
f1_optimal,15.484276576745929,1.0,1.0,1.0,1.0,1.0,364,0,0,236
youden,15.484276576745929,1.0,1.0,1.0,1.0,1.0,364,0,0,236
pr_optimal,15.484276576745929,1.0,1.0,1.0,1.0,1.0,364,0,0,236
