threshold_method,threshold,roc_auc,pr_auc,f1,precision,recall,tn,fp,fn,tp
percentile,1.3081481548684162,1.0,1.0,0.9379084967320261,0.8830769230769231,1.0,495,38,0,287
f1_optimal,8.340316607483182,1.0,1.0,0.9965034965034965,1.0,0.9930313588850174,533,0,2,285
youden,8.340316607483182,1.0,1.0,0.9965034965034965,1.0,0.9930313588850174,533,0,2,285
pr_optimal,8.340316607483182,1.0,1.0,0.9965034965034965,1.0,0.9930313588850174,533,0,2,285
