{
  "component_stats": {
    "reconstruction": {
      "mean": 0.8939189910888672,
      "std": 0.2031250298023224
    },
    "weighted_feature": {
      "mean": 0.8928402903988203,
      "std": 0.20321556618371422
    },
    "latent_distance": {
      "mean": 15.95469211340449,
      "std": 8.742235073026203
    },
    "density": {
      "mean": 6.2496018409729,
      "std": 5.351035118103027
    }
  },
  "feature_weights": [
    0.9413158893585205,
    0.9686610102653503,
    1.0766972303390503,
    1.0175461769104004,
    1.0296076536178589,
    1.013998031616211,
    0.9697521924972534,
    0.9961599111557007,
    0.9338665008544922,
    0.9416685700416565,
    0.9895756840705872,
    0.9658440947532654,
    1.0357979536056519,
    1.0083775520324707,
    1.0353387594223022,
    1.014505386352539,
    1.0376863479614258,
    1.045139193534851,
    0.9856073260307312,
    0.9440118670463562,
    1.011204719543457,
    0.9422382116317749,
    1.0074001550674438,
    1.0366405248641968,
    0.9734320640563965,
    1.0049397945404053,
    1.0586304664611816,
    1.0115443468093872,
    1.0008798837661743,
    0.9816561937332153,
    0.9901701211929321,
    0.9961687922477722,
    1.0138808488845825,
    1.0065486431121826,
    1.0013562440872192,
    0.9704061150550842,
    1.0070078372955322,
    0.9973131418228149,
    0.9662485718727112,
    1.0711731910705566
  ],
  "latent_mean": [
    0.34733566641807556,
    -0.22685116529464722,
    -0.29118669033050537,
    0.23616443574428558,
    0.3841919004917145,
    0.08953331410884857,
    0.2595215439796448,
    0.11039191484451294,
    -0.23744970560073853,
    0.5214515924453735,
    0.23787686228752136,
    -0.14661124348640442,
    0.5218455791473389,
    0.12911643087863922,
    0.1320488303899765,
    0.153321772813797
  ],
  "latent_inv_cov": [
    [
      14.857515912671463,
      -3.6956559402296074,
      -4.317061290686606,
      -1.3807651638214005,
      -0.7934304191396557,
      -6.82316032766895,
      1.8417385606894314,
      0.9365581321961971,
      -0.13199436429565184,
      2.4208299219441063,
      -2.612554779105088,
      5.389216760480896,
      -2.2827593449184174,
      -0.8451072337470542,
      3.564312021998298,
      3.247710403479721
    ],
    [
      -3.6956559402296065,
      16.148748055077217,
      1.743756207058566,
      0.5711142250197705,
      -0.635254220441976,
      -2.7891186258384675,
      4.14332591253528,
      -0.8283491636818431,
      -0.6699014638396337,
      0.9133345315802187,
      -0.19954451354304828,
      0.4272125081911215,
      -5.546251164458182,
      2.0580634894413232,
      -0.6084028747789522,
      -7.261193582049718
    ],
    [
      -4.317061290686621,
      1.7437562070585708,
      22.220082394458338,
      1.5776464478527743,
      1.2592859787768391,
      5.439491019176437,
      2.3469468441286816,
      -10.903899601868444,
      2.835231674641158,
      0.9830784410077889,
      4.961675605775331,
      -12.374676288586318,
      10.312593972353431,
      2.941292171075125,
      -5.389753655306482,
      -8.447201673330774
    ],
    [
      -1.3807651638213967,
      0.5711142250197592,
      1.577646447852759,
      10.454449893431573,
      1.3791741006869411,
      2.806259288660014,
      1.9057434652222114,
      -2.504796445490785,
      -0.7352215969259891,
      0.8367170157525062,
      3.0370360289046294,
      -3.0342527221892044,
      0.9938425896762134,
      -2.1563277046596423,
      -1.2198088188202731,
      2.9868163716475853
    ],
    [
      -0.7934304191396521,
      -0.6352542204419839,
      1.2592859787768547,
      1.3791741006869433,
      16.30227199050774,
      9.342341629939106,
      -0.25165459502446536,
      4.775086401045763,
      9.149072296488884,
      -3.206634283413279,
      1.3618749865724735,
      2.25733170091729,
      -6.027662241373129,
      3.6313923900149865,
      -0.36366973925976187,
      1.354911895948245
    ],
    [
      -6.823160327668964,
      -2.7891186258384715,
      5.439491019176444,
      2.8062592886600206,
      9.3423416299391,
      30.840392621905032,
      -9.076943245759846,
      -2.915102972516401,
      9.706173732557449,
      -3.146016523744975,
      4.621947927583343,
      -3.488086960198675,
      -2.2361248763494888,
      9.51093824951558,
      -12.7160016918372,
      2.324970115898081
    ],
    [
      1.8417385606894374,
      4.143325912535275,
      2.346946844128668,
      1.905743465222218,
      -0.25165459502447496,
      -9.076943245759864,
      20.67085061317752,
      2.621825017721544,
      -1.4021550578305244,
      -4.25902652687749,
      1.7699792358682755,
      -3.8907427055000503,
      2.5393655581346777,
      -5.625820699305397,
      7.662291864705676,
      -0.6277296712119392
    ],
    [
      0.9365581321962105,
      -0.8283491636818479,
      -10.903899601868453,
      -2.504796445490789,
      4.775086401045765,
      -2.9151029725164106,
      2.621825017721541,
      22.40098192804972,
      4.608991128364642,
      -8.106356551213496,
      0.33469218876632223,
      3.0744418509912146,
      -7.755185000860586,
      -1.492693260723713,
      3.7036644544036,
      1.8974949393956757
    ],
    [
      -0.1319943642956494,
      -0.6699014638396427,
      2.8352316746411694,
      -0.7352215969259868,
      9.149072296488873,
      9.706173732557449,
      -1.4021550578305224,
      4.608991128364632,
      17.911156405410075,
      -3.2705349823106475,
      -0.6190917895430121,
      0.7932153756392323,
      0.005172551561495484,
      3.3328445985868154,
      -0.20665069342438433,
      -2.617784202535628
    ],
    [
      2.4208299219440983,
      0.9133345315802321,
      0.9830784410078054,
      0.8367170157524996,
      -3.2066342834132753,
      -3.14601652374496,
      -4.259026526877493,
      -8.106356551213512,
      -3.2705349823106467,
      15.86454559304601,
      -3.0181942643247024,
      4.778945412183446,
      -1.5141634922448604,
      3.2658614147467016,
      -4.401930852273685,
      -4.142572662830029
    ],
    [
      -2.612554779105085,
      -0.1995445135430506,
      4.961675605775322,
      3.0370360289046374,
      1.3618749865724697,
      4.621947927583341,
      1.7699792358682829,
      0.33469218876633855,
      -0.6190917895430136,
      -3.0181942643247006,
      12.037428533858584,
      -11.625778817464422,
      1.2752258505778014,
      4.251620944481562,
      -4.972016576173392,
      1.1610214969142787
    ],
    [
      5.389216760480913,
      0.42721250819111806,
      -12.374676288586317,
      -3.0342527221892244,
      2.257331700917303,
      -3.4880869601986815,
      -3.8907427055000605,
      3.074441850991201,
      0.7932153756392433,
      4.778945412183456,
      -11.625778817464443,
      26.88237109897119,
      -10.893196491396317,
      1.685973316242618,
      6.451242132061319,
      0.18242098893811717
    ],
    [
      -2.2827593449184294,
      -5.546251164458176,
      10.312593972353437,
      0.993842589676219,
      -6.0276622413731475,
      -2.2361248763494945,
      2.5393655581346777,
      -7.755185000860593,
      0.005172551561475416,
      -1.51416349224486,
      1.275225850577818,
      -10.893196491396331,
      21.87334817386731,
      -7.820070313444567,
      -0.010069485630512643,
      1.4253623719625512
    ],
    [
      -0.8451072337470543,
      2.0580634894413237,
      2.9412921710751196,
      -2.1563277046596427,
      3.6313923900149883,
      9.510938249515581,
      -5.625820699305394,
      -1.492693260723706,
      3.3328445985868203,
      3.265861414746697,
      4.251620944481553,
      1.6859733162426396,
      -7.820070313444575,
      18.793169847955568,
      -7.25830956812735,
      -5.817641959399448
    ],
    [
      3.564312021998313,
      -0.6084028747789586,
      -5.389753655306497,
      -1.2198088188202783,
      -0.3636697392597626,
      -12.716001691837215,
