epoch,train_loss,val_loss,train_reconstruction_loss,val_reconstruction_loss,train_kl_loss,val_kl_loss,learning_rate
1,1.0517734694480896,0.9459991190168593,1.0517734694480896,0.9459991190168593,0.0,0.0,0.001
2,0.94495192527771,0.8843046493000455,0.94495192527771,0.8843046493000455,0.0,0.0,0.001
3,0.9054473471641541,0.856867253780365,0.9054473471641541,0.856867253780365,0.0,0.0,0.001
4,0.8825629663467407,0.840025974644555,0.8825629663467407,0.840025974644555,0.0,0.0,0.001
