threshold_method,threshold,roc_auc,pr_auc,f1,precision,recall,tn,fp,fn,tp
percentile,0.3535234063863753,0.8041755559730298,0.7908809918052752,0.5525470399265718,0.8470919324577861,0.409988649262202,3269,326,2599,1806
f1_optimal,0.12838205695152283,0.8041755559730298,0.7908809918052752,0.7851283690209865,0.7396627860297069,0.8365493757094211,2298,1297,720,3685
youden,0.18142332136631012,0.8041755559730298,0.7908809918052752,0.7295190116348806,0.7733977619532044,0.6903518728717367,2704,891,1364,3041
pr_optimal,0.11082744598388672,0.8041755559730298,0.7908809918052752,0.7940280316879951,0.7184341113765852,0.8874006810442678,2063,1532,496,3909
